variance,skewness,curtosis,entropy
3.6216,8.6661,-2.8073,-0.44699
4.5459,8.1674,-2.4586,-1.4621
3.866,-2.6383,1.9242,0.10645
3.4566,9.5228,-4.0112,-3.5944
-0.47465,-4.3496,1.9901,0.7517
1.0552,1.1857,-2.6411,0.11033
1.1644,3.8095,-4.9408,-4.0909
-4.4779,7.3708,-0.31218,-6.7754
-2.7338,0.45523,2.4391,0.21766
